{
  "project_info": {
    "project_number": "204459832267",
    "firebase_url": "https://mynew-79aee.firebaseio.com",
    "project_id": "mynew-79aee",
    "storage_bucket": "mynew-79aee.appspot.com"
  },
  "client": [
    {
      "client_info": {
        "mobilesdk_app_id": "1:204459832267:android:53d1781ac18a0ac407fc4e",
        "android_client_info": {
          "package_name": "com.example.mynew"
        }
      },
      "oauth_client": [
        {
          "client_id": "204459832267-j34gdnqqi2dpbd2s6m1c8htlnc170ied.apps.googleusercontent.com",
          "client_type": 1,
          "android_info": {
            "package_name": "com.example.mynew",
            "certificate_hash": "3c93f03020b8015f4595f0f8ef908e962d5b96ed"
          }
        },
        {
          "client_id": "204459832267-372m7klja8uf4irh4j9gh8bjmta7d30o.apps.googleusercontent.com",
          "client_type": 3
        }
      ],
      "api_key": [
        {
          "current_key": "AIzaSyCZySTNCRtnUz8cdgvQ64GvO1fnn5uwwRU"
        }
      ],
      "services": {
        "appinvite_service": {
          "other_platform_oauth_client": [
            {
              "client_id": "204459832267-372m7klja8uf4irh4j9gh8bjmta7d30o.apps.googleusercontent.com",
              "client_type": 3
            }
          ]
        }
      }
    }
  ],
  "configuration_version": "1"
}